Link,Price,Address,Surface,Location
https://departamento.mercadolibre.com.ar/MLA-829880829-av-peron-850-san-fernando-_JM,20.000,Av. Perón   800 5°,70 m² totales,"San Fernando, Bs.as. G.b.a. Norte"
https://departamento.mercadolibre.com.ar/MLA-831152165-countries-y-barrios-cerrados-alquiler-buena-vista-_JM,29.000,Uruguay  Al 200,77 m² totales,"San Fernando, Bs.as. G.b.a. Norte"
https://departamento.mercadolibre.com.ar/MLA-830471907-departamento-en-alquiler-en-olivos-_JM,25.000,"Del Libertador, Av. 1800",55 m² totales,"Olivos, Vicente López, Bs.as. G.b.a. Norte"
https://departamento.mercadolibre.com.ar/MLA-830784485-alquiler-florida-depto-2-amb-cochera-parrilla-_JM,23.000,J.b.justo 657,54 m² totales,"Florida, Vicente López, Bs.as. G.b.a. Norte"
https://departamento.mercadolibre.com.ar/MLA-830546353-departamento-san-isidro-_JM,22.000,"Velez Sarsfield 2370, 1° Piso Depto 8",100 m² totales,"San Isidro, Bs.as. G.b.a. Norte"
https://departamento.mercadolibre.com.ar/MLA-830716865-dpto-2-amb-fte-cbalcon-y-cochera-fija-vista-panoramica-_JM,22.000,Maipu 3895,55 m² totales,"La Lucila, Vicente López, Bs.as. G.b.a. Norte"
https://departamento.mercadolibre.com.ar/MLA-831153883-alquiler-2-amb-tipo-duplex-coch-balcon-amenit-_JM,23.000,Juan Diaz De Solis 1400,52 m² totales,"Vicente López, Bs.as. G.b.a. Norte"
https://departamento.mercadolibre.com.ar/MLA-831154167-de-revista-espect-amplio-dpto-c-coch-y-renta-_JM,28.000,Av Del Libertador 108 Piso 9,67 m² totales,"Vicente López, Bs.as. G.b.a. Norte"
https://departamento.mercadolibre.com.ar/MLA-827829206-departamentos-alquiler-venice-ciudad-navegable-_JM,18.000,Solis Y Rio Lujan Al 100,57 m² totales,"Tigre, Bs.as. G.b.a. Norte"
https://departamento.mercadolibre.com.ar/MLA-825183036-departamento-olivos-_JM,27.000,Av. Libertador Al 3000,68 m² totales,"Olivos, Vicente López, Bs.as. G.b.a. Norte"
https://departamento.mercadolibre.com.ar/MLA-829741513-amplio-y-luminoso-departamento-de-2-ambientes-con-cochera-y-balcon-_JM,26.000,Av Gral Jose De San Martin Al 3300,77 m² totales,"Florida Oeste, Vicente López, Bs.as. G.b.a. Norte"
https://departamento.mercadolibre.com.ar/MLA-825674372-departamentos-alquiler-san-fernando-_JM,25.000,Lavalle Al 900,80 m² totales,"San Fernando, Bs.as. G.b.a. Norte"
https://departamento.mercadolibre.com.ar/MLA-785776779-departamentos-alquiler-san-isidro-_JM,22.000,Don Francisco  Al 2900,59 m² totales,"San Isidro, Bs.as. G.b.a. Norte"
https://departamento.mercadolibre.com.ar/MLA-788480316-departamentos-alquiler-victoria-_JM,29.000,Don Francisco Al 2900,83 m² totales,"Victoria, San Fernando, Bs.as. G.b.a. Norte"
https://departamento.mercadolibre.com.ar/MLA-821615783-2-ambientes-con-cochera-toillete-lavadero-independiente-_JM,26.000,Vergara Al 2200,76 m² totales,"Florida, Vicente López, Bs.as. G.b.a. Norte"
